/clean-energy-blog/2025-solar-tax-credit-guide /blog/2025-solar-tax-credit-guide/ 301
/clean-energy-blog/Off-Grid-Solar-Power /blog/Off-Grid-Solar-Power/ 301
/clean-energy-blog/blog-cleantech-info/grand-opening-of-new-englands-largest-solar-panel-battery-and-power-electronics-store-solamp-io/ /blog/blog-cleantech-info/grand-opening-of-new-englands-largest-solar-panel-battery-and-power-electronics-store-solamp-io/ 301
/clean-energy-blog/blog-cleantech-info/understanding-dc-circuit-breakers-the-mnepv-and-offgrid-solar-systems/ /blog/blog-cleantech-info/understanding-dc-circuit-breakers-the-mnepv-and-offgrid-solar-systems/ 301
/clean-energy-blog/blog-cleantech-info/why-hanwha-q-cells-qantum-neo-is-a-game-changer/ /blog/blog-cleantech-info/why-hanwha-q-cells-qantum-neo-is-a-game-changer/ 301
/clean-energy-blog/blog/free-coffee-with-purchase-of-thhn-wire/ /blog/blog/free-coffee-with-purchase-of-thhn-wire/ 301
/clean-energy-blog/blog/solar-power-storage-the-role-of-lithium-battery/ /blog/blog/solar-power-storage-the-role-of-lithium-battery/ 301
/clean-energy-blog/blog/ugonada-/ /blog/blog/ugonada-/ 301
/clean-energy-blog/clean-energy-blog/Home_Solar_Systems /blog/clean-energy-blog/Home_Solar_Systems/ 301
/clean-energy-blog/clean-energy-blog/Solar-Panel-Kits /blog/clean-energy-blog/Solar-Panel-Kits/ 301
/clean-energy-blog/clean-energy-blog/beyond-the-grid-why-portable-solar-is-the-ultimate-holiday-gift-for-the-modern-adventurer/ /blog/clean-energy-blog/beyond-the-grid-why-portable-solar-is-the-ultimate-holiday-gift-for-the-modern-adventurer/ 301
/clean-energy-blog/clean-energy-blog/diy-solar /blog/clean-energy-blog/diy-solar/ 301
/clean-energy-blog/clean-energy-blog/lightning-protection-surge-protection-devices-spds-for-solar-and-battery-systems/ /blog/clean-energy-blog/lightning-protection-surge-protection-devices-spds-for-solar-and-battery-systems/ 301
/clean-energy-blog/clean-energy-blog/ultimate-guide-to-the-midnite-solar-rosie-inverter/ /blog/clean-energy-blog/ultimate-guide-to-the-midnite-solar-rosie-inverter/ 301
/clean-energy-blog/clean-energy-news/how-to-create-a-renon-smart-account-/ /blog/clean-energy-news/how-to-create-a-renon-smart-account-/ 301
/clean-energy-blog/clean-energy-news/total-newb-here-a-post-from-rdiysolar-/ /blog/clean-energy-news/total-newb-here-a-post-from-rdiysolar-/ 301
/clean-energy-blog/solar_power_systems /blog/solar_power_systems/ 301
/apsmart/ /brands/apsmart/ 301
/bird-in-hand/ /brands/bird-in-hand/ 301
/blue-sea-systems/ /brands/blue-sea-systems/ 301
/briggs-stratton-energy-solutions/ /brands/briggs-stratton-energy-solutions/ 301
/burndy/ /brands/burndy/ 301
/bussmann/ /brands/bussmann/ 301
/byd/ /brands/byd/ 301
/chem-link/ /brands/chem-link/ 301
/cw-energy/ /brands/cw-energy/ 301
/delta/ /brands/delta/ 301
/deye/ /brands/deye/ 301
/ebl/ /brands/ebl/ 301
/ecosolaris/ /brands/ecosolaris/ 301
/enersys/ /brands/enersys/ 301
/enphase/ /brands/enphase/ 301
/ez-solar/ /brands/ez-solar/ 301
/fogco/ /brands/fogco/ 301
/fortress-power/ /brands/fortress-power/ 301
/grundfos/ /brands/grundfos/ 301
/homegrid/ /brands/homegrid/ 301
/hyperion/ /brands/hyperion/ 301
/hyundai-energy-solutions/ /brands/hyundai-energy-solutions/ 301
/imo-automation/ /brands/imo-automation/ 301
/iota-engineering/ /brands/iota-engineering/ 301
/ja-solar/ /brands/ja-solar/ 301
/kilovault/ /brands/kilovault/ 301
/magnum-energy/ /brands/magnum-energy/ 301
/meyer-burger/ /brands/meyer-burger/ 301
/midnite-solar/ /brands/midnite-solar/ 301
/morningstar/ /brands/morningstar/ 301
/outback-power-systems/ /brands/outback-power-systems/ 301
/panasonic/ /brands/panasonic/ 301
/philadelphia-solar/ /brands/philadelphia-solar/ 301
