# 301 Redirects for URL structure migration
# Old site URLs → New root-level URLs

# Legacy URLs from old Solamp development site
/products/category/*           /:splat                        301
/products/brand/*              /:splat                        301
/products/*                    /:splat                        301
/categories/*                  /:splat                        301

# Static pages - shorter slugs to longer slugs (for anyone with old bookmarks)
/about/                        /about-us/                     301
/contact/                      /contact-us/                   301
/privacy/                      /privacy-policy/               301
/terms/                        /terms-and-conditions/         301
/returns/                      /refund-return-policy/         301
/faq/                          /frequently-asked-questions/   301
